Pheno	sentinel_rsid	nearest gene	chr	bp
rntrn_ilamax	rs4845119	EIF2D	1	206796179
rntrn_ilamax	rs9664170	ANKRD1	10	92692047
rntrn_ilamin	rs9664170	ANKRD1	10	92692047
rntrn_ilamin	rs62111731	FBXO46	19	46213416
rntrn_ilamin	rs114825396	COL8A1	3	99156961
rntrn_laaef	rs4074536	CASQ2	1	116310967
rntrn_laaef	rs9664170	ANKRD1	10	92692047
rntrn_laaef	rs2073708	CILP	15	65493852
rntrn_laaef	rs2014576	SIX5	19	46269076
rntrn_laaef	rs17143007	DSP	6	7573455
rntrn_laaef	rs35216833	UQCRB	8	97223162
rntrn_lamax	rs4845119	EIF2D	1	206796179
rntrn_lamax	rs174548	FADS1	11	61571348
rntrn_lamin	rs9664170	ANKRD1	10	92692047
rntrn_lamin	rs62111731	FBXO46	19	46213416
rntrn_lamin	rs114825396	COL8A1	3	99156961
rntrn_lapef	rs6735077	TTN	2	179381323
rntrn_lapef	rs655437	MGAT1	5	180209454
rntrn_latef	rs4074536	CASQ2	1	116310967
rntrn_latef	rs12026695	CITED4	1	41348272
rntrn_latef	rs113306707	BEND7	10	13474369
rntrn_latef	rs133885	MYO18B	22	26159289
rntrn_latef	rs4744370	C9orf3	9	97477793
